INSERT INTO Tables (Id, Name, Code, Game, Location, MinRequiredProficiency, MaxRequiredProficiency)
values
('675289D7-4F54-46D8-BDC8-00257601AFD8',	'BACFD8',	'bacfd8',	1,	'Pit01',	63,	100),
('AE8D9B3C-E3FC-4B91-B935-3BB19CFA1D4C',	'POKD4C',	'pokd4c',	2,	'Pit01',	67,	100),
('17B7B6C8-646D-42EA-867E-4F98B8525C17',	'POKC17',	'pokc17',	2,	'Pit01',	72,	100),
('7CB1B755-D711-4E05-9911-693BA1524AF6',	'CRAAF6',	'craaf6',	3,	'Pit01',	87,	100),
('50F36DF8-8651-492B-B3CC-9F1207574B44',	'BLAB44',	'blab44',	5,	'Pit01',	88,	100),
('AEE1B3F1-CD01-420E-8D1F-AA5C658D46A0',	'BLA6A0',	'bla6a0',	5,	'Pit01',	96,	100),
('80AD23AD-B922-4E4F-BA6D-B2830BF4115A',	'CRA15A',	'cra15a',	3,	'Pit01',	81,	100),
('C816F068-F621-4478-87C5-C9D0DE592DD8',	'BLADD8',	'bladd8',	5,	'Pit01',	72,	100),
('EF61B122-5D53-40B5-BCBE-DCC68701AB41',	'ROUB41',	'roub41',	4,	'Pit01',	79,	100),
('ACCC1729-CD62-4923-A582-E9B7C8E54CAE',	'BACCAE',	'baccae',	1,	'Pit01',	64,	100),
('A8AFD0DF-91CA-4650-9B1B-EAB5A0743A9D',	'ROUA9D',	'roua9d',	4,	'Pit01',	78,	100),
('8B368530-6E81-4BA0-A239-F51D7F6F2A72',	'BLAA72',	'blaa72',	5,	'Pit01',	57,	100)

INSERT INTO Times (Id, ShiftClass, [Open], [Close], Demand, TableId)
values
('3901CDFA-7E0A-4DB9-A025-0E2CC8DC3056',	2,	'2024-01-26 21:00:00', '2024-01-26 06:00:00',	1,	'C816F068-F621-4478-87C5-C9D0DE592DD8'),
('66CF025F-8390-4755-8565-15B313854F21',	0,	'2024-01-26 09:00:00', '2024-01-26 18:00:00',	1,	'80AD23AD-B922-4E4F-BA6D-B2830BF4115A'),
('85ADE85E-1961-4269-84C5-3018C560D631',	0,	'2024-01-26 09:00:00', '2024-01-26 18:00:00',	1,	'EF61B122-5D53-40B5-BCBE-DCC68701AB41'),
('BA3F7BF8-58ED-40DE-A8EC-4451AE408D11',	2,	'2024-01-26 21:00:00', '2024-01-26 06:00:00',	1,	'AE8D9B3C-E3FC-4B91-B935-3BB19CFA1D4C'),
('2C79D11E-D440-47E0-B08F-44BBF5E8B690',	2,	'2024-01-26 21:00:00', '2024-01-26 06:00:00',	1,	'8B368530-6E81-4BA0-A239-F51D7F6F2A72'),
('FB0BAC73-2070-4E67-A395-52CF68A618FE',	0,	'2024-01-26 09:00:00', '2024-01-26 18:00:00',	1,	'50F36DF8-8651-492B-B3CC-9F1207574B44'),
('8BAB1655-FF0A-4B40-BFAB-5F5FDEE7A7E7',	1,	'2024-01-26 15:00:00', '2024-01-26 00:00:00',1,	'17B7B6C8-646D-42EA-867E-4F98B8525C17'),
('DB22FE30-5BF2-439A-A20C-686D38D8FEC1',	1,	'2024-01-26 15:00:00', '2024-01-26 00:00:00',1,	'AEE1B3F1-CD01-420E-8D1F-AA5C658D46A0'),
('215CC822-A56C-4365-A16E-739E434D8BE8',	0,	'2024-01-26 09:00:00', '2024-01-26 18:00:00',	1,	'A8AFD0DF-91CA-4650-9B1B-EAB5A0743A9D'),
('880A96BE-443B-4365-8267-84CCED27F878',	1,	'2024-01-26 15:00:00', '2024-01-26 00:00:00',1,	'8B368530-6E81-4BA0-A239-F51D7F6F2A72'),
('17263C18-2A73-41B8-BA5B-86E94233ED1C',	0,	'2024-01-26 09:00:00', '2024-01-26 18:00:00',	1,	'17B7B6C8-646D-42EA-867E-4F98B8525C17'),
('2C94944E-474A-4370-8999-9304A1043B28',	1,	'2024-01-26 15:00:00', '2024-01-26 00:00:00',1,	'675289D7-4F54-46D8-BDC8-00257601AFD8'),
('5EFD4D58-B793-481E-ABED-8937763E8913',	1,	'2024-01-26 15:00:00', '2024-01-26 00:00:00',1,	'7CB1B755-D711-4E05-9911-693BA1524AF6'),
('AB0EB95F-3770-4C46-9BFE-A3295D1E7B16',	1,	'2024-01-26 15:00:00', '2024-01-26 00:00:00',1,	'C816F068-F621-4478-87C5-C9D0DE592DD8'),
('A396CCD3-62F9-4477-B93A-A43EB8DFBE93',	2,	'2024-01-26 21:00:00', '2024-01-26 06:00:00',	1,	'ACCC1729-CD62-4923-A582-E9B7C8E54CAE'),
('38970D9D-6A9A-427B-8810-AD72BC5FA025',	2,	'2024-01-26 21:00:00', '2024-01-26 06:00:00',	1,	'EF61B122-5D53-40B5-BCBE-DCC68701AB41'),
('2BCAE3E0-703D-486F-B804-B3CC57EDE563',	2,	'2024-01-26 21:00:00', '2024-01-26 06:00:00',	1,	'675289D7-4F54-46D8-BDC8-00257601AFD8'),
('BC3591F4-B66C-48FC-97DD-B984B6209603',	2,	'2024-01-26 21:00:00', '2024-01-26 06:00:00',	1,	'80AD23AD-B922-4E4F-BA6D-B2830BF4115A'),
('140F3BF1-651C-4DBF-A298-BBE0E91760F4',	2,	'2024-01-26 21:00:00', '2024-01-26 06:00:00',	1,	'7CB1B755-D711-4E05-9911-693BA1524AF6'),
('247CA3C6-DA91-4B84-B1D7-BFFBB6189F43',	1,	'2024-01-26 15:00:00', '2024-01-26 00:00:00',1,	'50F36DF8-8651-492B-B3CC-9F1207574B44'),
('2D91D744-D5AC-4917-ACBA-C7665B45F378',	1,	'2024-01-26 15:00:00', '2024-01-26 00:00:00',1,	'ACCC1729-CD62-4923-A582-E9B7C8E54CAE'),
('57116EB4-C9BD-4B67-9CD8-CDD3A3B98111',	2,	'2024-01-26 21:00:00', '2024-01-26 06:00:00',	1,	'AEE1B3F1-CD01-420E-8D1F-AA5C658D46A0'),
('9509B2EE-26DD-4413-9F32-CDFD4FC340A4',	1,	'2024-01-26 15:00:00', '2024-01-26 00:00:00',1,	'AE8D9B3C-E3FC-4B91-B935-3BB19CFA1D4C')

INSERT INTO Employees (Id, FirstName, LastName, ShiftStart, ShiftEnd, Role, Email, Number, Status)
values
('A454CCA6-BF13-49F1-A573-09C81551171A', 'Steven', 'Alexiou', '2024-01-26 09:00:00', '2024-01-26 18:00:00', 0, 'sa@test.com', 16, 0),
('C533E409-6CDE-4B91-BEAE-1CEF7E2492FB', 'Luka', 'Levick', '2024-01-26 21:00:00', '2024-01-26 06:00:00', 0, 'luklev@test.com', 8, 0),
('EF153A2E-F5D2-43F5-929E-20BE56B3A2B5', 'Muath', 'Juady', '2024-01-26 09:00:00', '2024-01-26 18:00:00', 0, 'mj@test.com', 88, 0),
('39A4817E-0CC1-44E7-9F49-23B2762D5E72', 'Luke', 'Lombe', '2024-01-26 09:00:00', '2024-01-26 18:00:00', 0, 'll@test.com', 9, 0),
('BF57781F-FF9D-42A1-9656-282B4C71BF2E', 'Kevin', 'Rogers', '2024-01-26 09:00:00', '2024-01-26 18:00:00', 0, 'kr@test.com', 7, 0),
('ACA3915E-3873-4255-B43E-4EDD5041C65A', 'Caitlin', 'O''Connor', '2024-01-26 15:00:00', '2024-01-26 00:00:00', 0, 'co@test.com', 4, 0),
('DC766775-295D-4582-BC3F-500C422EC69C', 'Diego Sanches', 'Mariano', '2024-01-26 15:00:00', '2024-01-26 00:00:00', 0, 'dm@test.com', 90, 0),
('622AC0E6-01E7-4D29-971F-609D09A03BA1', 'Yaroslav', 'Writtle', '2024-01-26 21:00:00', '2024-01-26 06:00:00', 0, 'yw@test.com', 18, 0),
('827B7AB0-8150-478A-A5D3-666C94F662EA', 'Michal', 'Uhliarik', '2024-01-26 15:00:00', '2024-01-26 00:00:00', 0, 'mu@test.com', 13, 0),
('14CDCBC4-538D-4242-824C-6CF57D46BC7A', 'Steven', 'Wang', '2024-01-26 09:00:00', '2024-01-26 18:00:00', 0, 'sw@test.com', 17, 0),
('E4D8EE43-CABB-48EF-BB4B-7AE96EE8D407', 'Don', 'Reddin', '2024-01-26 15:00:00', '2024-01-26 00:00:00', 0, 'dr@test.com', 5, 0),
('2EA08383-E572-4E8E-9C49-8281EE50E589', 'Ogous Chan', 'Ali', '2024-01-26 09:00:00', '2024-01-26 18:00:00', 0, 'oca@test.com', 89, 0),
('A76B0865-6CCC-4F2F-B2AF-844760E18059', 'Zoltan', 'Kovacs-Osvath', '2024-01-26 21:00:00', '2024-01-26 06:00:00', 0, 'zk@test.com', 19, 0),
('85E3E083-3B6E-405A-B1CB-894871A57B48', 'Sebastian', 'Cheek', '2024-01-26 15:00:00', '2024-01-26 00:00:00', 0, 'sebastian.cheek@test.com', 91, 1),
('3AAAE130-42F6-489E-92FD-CC6477E57AB2', 'Michal', 'Orlíček', '2024-01-26 15:00:00', '2024-01-26 00:00:00', 0, 'mo@test.com', 12, 0),
('56E1A7C0-DA85-414D-8702-D2F03DA24208', 'Mark', 'Yates', '2024-01-26 09:00:00', '2024-01-26 18:00:00', 0, 'my@test.com', 10, 0),
('A34155A6-74B6-4B72-BE4E-D39DCAF61CC6', 'Richard', 'Gallagher', '2024-01-26 21:00:00', '2024-01-26 06:00:00', 0, 'rg@test.com', 14, 0),
('DB6DD6F4-9ABB-4D2B-ADA1-E70D53E24867', 'Max', 'Hunt', '2024-01-26 21:00:00', '2024-01-26 06:00:00', 0, 'mh@test.com', 11, 0),
('0AB30189-EB80-46A9-9C5D-EA4857ED2578', 'CeAnn', 'Simpson', '2024-01-26 09:00:00', '2024-01-26 18:00:00', 0, 'cs@test.com', 20, 0),
('AF103603-AE42-425C-9161-F285AF53E597', 'Andy', 'Anderson', '2024-01-26 09:00:00', '2024-01-26 18:00:00', 0, 'aa@test.com', 3, 0),
('FF483D03-F422-4B88-BDCC-FF02F99932F2', 'Guilherme', 'Mussi', '2024-01-26 15:00:00', '2024-01-26 00:00:00', 0, 'gm@test.com', 6, 0);

insert into Skills (Id, Game, Proficiency, Remarks, EmployeeId)
values
('BBE33D83-3D69-485C-874C-09D5D9910E5E',	5,	69	,'',	'56E1A7C0-DA85-414D-8702-D2F03DA24208'),
('44F324EB-55FB-40F3-AF5C-0B77B1E7382B',	1,	26	,'',	'EF153A2E-F5D2-43F5-929E-20BE56B3A2B5'),
('922F5610-8653-4847-A621-0C42A37750BD',	3,	81	,'',	'FF483D03-F422-4B88-BDCC-FF02F99932F2'),
('2966DACA-0569-40E1-BA8B-1131B839BDF1',	3,	87	,'',	'14CDCBC4-538D-4242-824C-6CF57D46BC7A'),
('C8E6C454-0866-4212-8561-1141C6ACF0A4',	3,	12	,'',	'85E3E083-3B6E-405A-B1CB-894871A57B48'),
('7140B048-6495-4604-8AED-197F2E525BB2',	1,	83	,'',	'56E1A7C0-DA85-414D-8702-D2F03DA24208'),
('913FF2F3-69D1-47D7-A1B7-1C3C644374A2',	5,	95	,'',	'39A4817E-0CC1-44E7-9F49-23B2762D5E72'),
('9CC41747-5963-40CF-BCFB-1F57EAB29B53',	5,	19	,'',	'AF103603-AE42-425C-9161-F285AF53E597'),
('111DC009-3324-44C7-AC02-201963E4CF26',	1,	31	,'',	'3AAAE130-42F6-489E-92FD-CC6477E57AB2'),
('2C07D79E-434A-482B-A893-23111C01A791',	4,	49	,'',	'E4D8EE43-CABB-48EF-BB4B-7AE96EE8D407'),
('42A57199-991C-40E1-BF1B-2455E9A33A7E',	3,	46	,'',	'0AB30189-EB80-46A9-9C5D-EA4857ED2578'),
('F53C17BF-960C-4E6F-8DFB-2B3E268E4238',	4,	9	,'',	'85E3E083-3B6E-405A-B1CB-894871A57B48'),
('D01A33EF-787F-4FB1-988E-2B6BBB0DC4B0',	2,	25	,'',	'56E1A7C0-DA85-414D-8702-D2F03DA24208'),
('3928685E-D8E1-4452-BEFB-2BC9EC7684F8',	2,	83	,'',	'0AB30189-EB80-46A9-9C5D-EA4857ED2578'),
('C905BBC2-FB67-4206-B538-2BDF75C8600A',	1,	39	,'',	'FF483D03-F422-4B88-BDCC-FF02F99932F2'),
('AF74C761-9D01-4FFB-AE17-2CDB1D7CA553',	2,	25	,'',	'A34155A6-74B6-4B72-BE4E-D39DCAF61CC6'),
('0ECDDC69-AD8F-4479-A528-2CFF40483334',	4,	9	,'',	'827B7AB0-8150-478A-A5D3-666C94F662EA'),
('4EB1388B-60DE-4894-A07E-36BE261C1B66',	2,	68	,'',	'A454CCA6-BF13-49F1-A573-09C81551171A'),
('BCE11C9F-F087-4405-8AD0-375F5E593A33',	1,	30	,'',	'0AB30189-EB80-46A9-9C5D-EA4857ED2578'),
('951812F0-DF81-4D6B-9ECC-3786E37451C2',	2,	11	,'',	'BF57781F-FF9D-42A1-9656-282B4C71BF2E'),
('CF43C30F-D1F1-4403-ABD2-395E3A8C015D',	1,	2	,'',	'14CDCBC4-538D-4242-824C-6CF57D46BC7A'),
('E8EEA3DF-BC3A-45DC-B561-3C78C2BF4C00',	3,	83	,'',	'DC766775-295D-4582-BC3F-500C422EC69C'),
('5753E0A0-C6AB-4AF1-9628-3CFE87611C81',	3,	39	,'',	'A34155A6-74B6-4B72-BE4E-D39DCAF61CC6'),
('A05F472B-FE97-4BA6-A835-41A7DC915D99',	4,	97	,'',	'AF103603-AE42-425C-9161-F285AF53E597'),
('41A44CBD-4C75-4ADA-B68E-41D92A7BFF54',	5,	3	,'',	'DC766775-295D-4582-BC3F-500C422EC69C'),
('5F23E900-C1CC-4DBC-BEE5-422F0B341FE3',	1,	35	,'',	'85E3E083-3B6E-405A-B1CB-894871A57B48'),
('507B7B65-7F59-4B7B-9F11-44CA6B571194',	2,	61	,'',	'14CDCBC4-538D-4242-824C-6CF57D46BC7A'),
('47600C4E-BB01-411E-B98C-4877B235FD92',	1,	26	,'',	'827B7AB0-8150-478A-A5D3-666C94F662EA'),
('86C9A7DA-EE54-4DA9-82B2-48B929E6F978',	1,	44	,'',	'A76B0865-6CCC-4F2F-B2AF-844760E18059'),
('8F5C9219-6E78-4DBB-9855-4A0B13DD070B',	1,	43	,'',	'AF103603-AE42-425C-9161-F285AF53E597'),
('B43544D2-E988-4BD9-9B9A-4ABE204E1EE9',	3,	65	,'',	'56E1A7C0-DA85-414D-8702-D2F03DA24208'),
('EDE02561-02D6-4B6B-A6B2-4D29722F5A90',	2,	45	,'',	'FF483D03-F422-4B88-BDCC-FF02F99932F2'),
('4275C73E-43B5-4219-B94B-4E782CFDF79D',	3,	36	,'',	'827B7AB0-8150-478A-A5D3-666C94F662EA'),
('5D7701EA-CC5C-4DC2-9AA1-50EA9B42C861',	5,	6	,'',	'C533E409-6CDE-4B91-BEAE-1CEF7E2492FB'),
('281335E2-DB06-4924-9482-51AB34DCBE30',	3,	67	,'',	'39A4817E-0CC1-44E7-9F49-23B2762D5E72'),
('378275F3-4E4B-4F09-9FFD-5243C1AEA2C3',	1,	38	,'',	'C533E409-6CDE-4B91-BEAE-1CEF7E2492FB'),
('39D52C6A-9451-488C-9D3D-52D07AAF8EE3',	2,	81	,'',	'DC766775-295D-4582-BC3F-500C422EC69C'),
('0F3CA293-BFCC-413E-80DC-535D13E2B506',	1,	18	,'',	'DC766775-295D-4582-BC3F-500C422EC69C'),
('8DAD2E5B-130D-46D5-8FCD-56405D1662A4',	4,	44	,'',	'39A4817E-0CC1-44E7-9F49-23B2762D5E72'),
('248293F7-ECF6-4743-B2B2-591977AC552C',	2,	99	,'',	'85E3E083-3B6E-405A-B1CB-894871A57B48'),
('FA15A9FD-C4EB-47CC-B86C-60E37C1B3B80',	5,	13	,'',	'EF153A2E-F5D2-43F5-929E-20BE56B3A2B5'),
('606AE6AA-6A85-48E9-9FE0-612BD74D7102',	4,	7	,'',	'FF483D03-F422-4B88-BDCC-FF02F99932F2'),
('A28D7736-B6D7-44AD-9247-620966E917E1',	4,	52	,'',	'EF153A2E-F5D2-43F5-929E-20BE56B3A2B5'),
('46046A4D-D544-4A91-877F-64D96972B69E',	1,	70	,'',	'E4D8EE43-CABB-48EF-BB4B-7AE96EE8D407'),
('71820159-077B-4129-83C6-6507E6FE7534',	4,	37	,'',	'A454CCA6-BF13-49F1-A573-09C81551171A'),
('88DD5448-A4E7-446C-A4AA-6B84E21026D7',	4,	63	,'',	'56E1A7C0-DA85-414D-8702-D2F03DA24208'),
('1D9B5503-0B9A-4043-86ED-6CE6E6E0D2F5',	2,	84	,'',	'3AAAE130-42F6-489E-92FD-CC6477E57AB2'),
('368CE02B-B4EA-43A0-81ED-70B6B1D79FF4',	5,	91	,'',	'A76B0865-6CCC-4F2F-B2AF-844760E18059'),
('61CB8A0E-6ACE-4E96-B5EB-72633B48769F',	5,	48	,'',	'85E3E083-3B6E-405A-B1CB-894871A57B48'),
('6E76D221-C10F-458A-B6E2-72AC7688B623',	4,	14	,'',	'DC766775-295D-4582-BC3F-500C422EC69C'),
('7A91F4B0-F3EF-40FD-8D34-72D8372C4845',	4,	88	,'',	'A76B0865-6CCC-4F2F-B2AF-844760E18059'),
('E3ADFDCC-DD17-4C1D-9A1B-730DA81685B6',	4,	66	,'',	'622AC0E6-01E7-4D29-971F-609D09A03BA1'),
('949F0033-5DE0-4C37-88AB-7418A43CE7BE',	3,	88	,'',	'AF103603-AE42-425C-9161-F285AF53E597'),
('CF6CEDE4-BF02-4117-B5F7-75678E007CC6',	2,	33	,'',	'39A4817E-0CC1-44E7-9F49-23B2762D5E72'),
('39A6112E-73B2-4E68-844F-76D6B12B5E3C',	3,	64	,'',	'EF153A2E-F5D2-43F5-929E-20BE56B3A2B5'),
('442BDBA4-1499-4108-A28A-7A730E792786',	2,	70	,'',	'E4D8EE43-CABB-48EF-BB4B-7AE96EE8D407'),
('469D27F0-098D-4F5A-A723-7BB70FAC98D7',	4,	14	,'',	'3AAAE130-42F6-489E-92FD-CC6477E57AB2'),
('3E429FA8-C3A4-4B34-A30B-808EEBCE522D',	3,	88	,'',	'2EA08383-E572-4E8E-9C49-8281EE50E589'),
('7D30A70A-14C9-42D6-80DA-8256BE287133',	2,	99	,'',	'622AC0E6-01E7-4D29-971F-609D09A03BA1'),
('5269DEBD-CA85-4313-9220-82C0D2E113DF',	1,	26	,'',	'39A4817E-0CC1-44E7-9F49-23B2762D5E72'),
('D9F9B352-1C70-4832-B670-84C8641262AC',	5,	96	,'',	'0AB30189-EB80-46A9-9C5D-EA4857ED2578'),
('C57516E2-F200-4579-8C1D-863A29BF42F4',	4,	99	,'',	'14CDCBC4-538D-4242-824C-6CF57D46BC7A'),
('81C78EBA-82BC-463F-84A5-875FCFAFAC72',	5,	0	,'',	'A34155A6-74B6-4B72-BE4E-D39DCAF61CC6'),
('B3F39337-42E7-4B03-814B-8A0F30A1DD19',	2,	8	,'',	'C533E409-6CDE-4B91-BEAE-1CEF7E2492FB'),
('FE627DED-645A-4BCC-A808-8B0045FBD30F',	1,	36	,'',	'A454CCA6-BF13-49F1-A573-09C81551171A'),
('22F2DE9D-B6B3-42E9-A56F-8CC465CF0568',	3,	58	,'',	'3AAAE130-42F6-489E-92FD-CC6477E57AB2'),
('B5FC5724-12DF-48EE-9C06-92FACEB36F8E',	3,	70	,'',	'E4D8EE43-CABB-48EF-BB4B-7AE96EE8D407'),
('B5997F6E-A3E3-4DDB-BE46-9542524810D2',	4,	73	,'',	'ACA3915E-3873-4255-B43E-4EDD5041C65A'),
('B4D2382D-9222-4C9B-A245-99089E5640FA',	4,	6	,'',	'0AB30189-EB80-46A9-9C5D-EA4857ED2578'),
('D0A6B4B4-2466-4ECE-A82D-99FFFBF7912D',	5,	83	,'',	'E4D8EE43-CABB-48EF-BB4B-7AE96EE8D407'),
('56DD8C87-D0D8-4261-80B2-9C885ADFE1E2',	5,	85	,'',	'DB6DD6F4-9ABB-4D2B-ADA1-E70D53E24867'),
('45EE8D9F-B02B-48F8-B3A9-9DA8DDCBAB94',	2,	32	,'',	'827B7AB0-8150-478A-A5D3-666C94F662EA'),
('9F0DF953-7531-4B75-AF82-A40688F3685B',	4,	38	,'',	'2EA08383-E572-4E8E-9C49-8281EE50E589'),
('FC7D991C-30AE-4920-AB6E-A49E4872C24E',	3,	44	,'',	'A454CCA6-BF13-49F1-A573-09C81551171A'),
('0A0A1626-41D0-4F95-8C48-AF3B7BD8D02D',	5,	30	,'',	'FF483D03-F422-4B88-BDCC-FF02F99932F2'),
('555C69D6-6685-428C-9FD4-AF4C3794DA5C',	3,	88	,'',	'A76B0865-6CCC-4F2F-B2AF-844760E18059'),
('81227E0B-8805-4BAA-B2CB-B1039427E543',	4,	13	,'',	'C533E409-6CDE-4B91-BEAE-1CEF7E2492FB'),
('BF406A02-F0E2-46B1-8175-B3DDDEFB5AE4',	3,	47	,'',	'C533E409-6CDE-4B91-BEAE-1CEF7E2492FB'),
('1A8DA4B9-C217-4DE5-8B7F-B41071DFA994',	5,	18	,'',	'A454CCA6-BF13-49F1-A573-09C81551171A'),
('D5DD613A-F04E-4495-A72E-B51D54064C67',	1,	6	,'',	'DB6DD6F4-9ABB-4D2B-ADA1-E70D53E24867'),
('934E0CA5-1426-455E-837D-B9D269DC619C',	3,	9	,'',	'ACA3915E-3873-4255-B43E-4EDD5041C65A'),
('73CA89CC-3780-4049-993E-BFB6B70ADAED',	5,	27	,'',	'BF57781F-FF9D-42A1-9656-282B4C71BF2E'),
('E86C577F-2963-4DE8-A9A2-C60937052AB4',	1,	30	,'',	'2EA08383-E572-4E8E-9C49-8281EE50E589'),
('92C2C752-8573-4FD6-932C-C72DE605F92A',	4,	92	,'',	'BF57781F-FF9D-42A1-9656-282B4C71BF2E'),
('083D3F3F-6AE1-4702-854E-C8141266CB1E',	1,	57	,'',	'A34155A6-74B6-4B72-BE4E-D39DCAF61CC6'),
('D7330424-E88C-42C2-8FD7-CCC6AB30AEF1',	5,	47	,'',	'14CDCBC4-538D-4242-824C-6CF57D46BC7A'),
('29A9E06C-732D-4106-98A6-CD4E7319FB7D',	4,	63	,'',	'DB6DD6F4-9ABB-4D2B-ADA1-E70D53E24867'),
('78A871A0-2E6C-440D-99CD-D050D5CA86BD',	5,	30	,'',	'2EA08383-E572-4E8E-9C49-8281EE50E589'),
('D3539C74-C796-498A-A315-D0FF21E56011',	1,	78	,'',	'BF57781F-FF9D-42A1-9656-282B4C71BF2E'),
('DC920912-CD89-49DD-BC12-D542368E1825',	3,	21	,'',	'622AC0E6-01E7-4D29-971F-609D09A03BA1'),
('3944B62C-2B6E-450E-96C1-D9587C9CBAB7',	5,	69	,'',	'622AC0E6-01E7-4D29-971F-609D09A03BA1'),
('C93C8C94-1A0B-4977-A39A-DC83582ADD79',	2,	24	,'',	'A76B0865-6CCC-4F2F-B2AF-844760E18059'),
('ED630D6C-6DDF-4C48-B5A8-DF0D618104FE',	2,	56	,'',	'EF153A2E-F5D2-43F5-929E-20BE56B3A2B5'),
('20B1DD2D-4B9E-42A9-8668-E15EF8C7C197',	2,	62	,'',	'2EA08383-E572-4E8E-9C49-8281EE50E589'),
('B0D1BB97-7ABF-41A7-99E7-E17E8618F983',	2,	4	,'',	'DB6DD6F4-9ABB-4D2B-ADA1-E70D53E24867'),
('D58AC760-915F-46BE-B20D-E3FA8F09A630',	2,	70	,'',	'ACA3915E-3873-4255-B43E-4EDD5041C65A'),
('E0F4D333-3F30-4203-B02D-E6C18EB988AC',	1,	81	,'',	'622AC0E6-01E7-4D29-971F-609D09A03BA1'),
('17D48E52-ED45-4528-87A8-E78F2D4364EC',	5,	21	,'',	'827B7AB0-8150-478A-A5D3-666C94F662EA'),
('A9481CA1-7632-4135-BF58-F39A4D5C588F',	4,	60	,'',	'A34155A6-74B6-4B72-BE4E-D39DCAF61CC6'),
('5D09DF95-2546-4DFD-BBC9-F925FC0029D1',	3,	67	,'',	'BF57781F-FF9D-42A1-9656-282B4C71BF2E'),
('820D8702-7A9E-40BF-AA64-F98A409C11B7',	5,	98	,'',	'3AAAE130-42F6-489E-92FD-CC6477E57AB2'),
('43871120-7B11-4E6B-AD14-F9A9C450BF5D',	5,	80	,'',	'ACA3915E-3873-4255-B43E-4EDD5041C65A'),
('08AB9E7E-F83C-41FE-A138-FC9128FC1BDE',	2,	100	,'',	'AF103603-AE42-425C-9161-F285AF53E597'),
('34B62CE0-D899-459F-88FE-FDF4EDE4FE31',	3,	87	,'',	'DB6DD6F4-9ABB-4D2B-ADA1-E70D53E24867'),
('7555E5AA-4237-4174-BB9A-FE432D791F20',	1,	26	,'',	'ACA3915E-3873-4255-B43E-4EDD5041C65A')


insert into Leaves (Id, EmployeeId, Date, IsAvailable, EmployeeNumber)
values
('FA682546-96D5-49E7-843F-1DB4E50533B6',	'85E3E083-3B6E-405A-B1CB-894871A57B48',	'2024-01-26 09:00:00',	0,	91),
('6D049576-A31D-42F0-9AFC-1E69D6F041FD',	'0AB30189-EB80-46A9-9C5D-EA4857ED2578',	'2024-02-01 09:00:00',	0,	20),
('5F9BB829-84DD-4E94-95FF-3DD8A6EDBBB9',	'85E3E083-3B6E-405A-B1CB-894871A57B48',	'2024-01-25 09:00:00',	0,	91),
('89895FA3-EEF1-4915-8205-56E020F0C51C',	'14CDCBC4-538D-4242-824C-6CF57D46BC7A',	'2024-01-28 09:00:00',	0,	17),
('5C48318E-C945-4FDF-BB71-5983684A59AF',	'DB6DD6F4-9ABB-4D2B-ADA1-E70D53E24867',	'2024-01-31 09:00:00',	0,	11),
('AEB8919C-A7F4-46D9-97B9-6E15AAFDE96E',	'0AB30189-EB80-46A9-9C5D-EA4857ED2578',	'2024-02-02 09:00:00',	0,	20),
('4D58232B-FDC9-4308-B9F8-8C9676AAAEAF',	'39A4817E-0CC1-44E7-9F49-23B2762D5E72',	'2024-01-29 09:00:00',	0,	9),
('64B3EAFC-257C-42B9-954D-B2D1A5AA587F',	'0AB30189-EB80-46A9-9C5D-EA4857ED2578',	'2024-02-03 09:00:00',	0,	20),
('4CD7382C-FA24-4DE7-8C46-BFEDD1990324',	'0AB30189-EB80-46A9-9C5D-EA4857ED2578',	'2024-02-04 09:00:00',	0,	20),
('B30560FD-8C5C-4FCF-A4F0-E36C5C41DF41',	'A76B0865-6CCC-4F2F-B2AF-844760E18059',	'2024-01-27 09:00:00',	0,	19)